condition,scenario,rep,seed,outcome,bio_s,wall_s,success,time_to_target,path_efficiency,mean_abs_bearing_deg,wrong_turn_rate,stop_frequency,escape_emitted,escape_latency_ms,n_spikes_total,n_conflicts,dn_rate_hz,latency_mean_ms,latency_p95_ms
random,target_left,0,20260928,cap,5.0,0.0,False,,1.029,58.4,0.45,0.13,False,,0,0,{},0.0,0.0
random,target_left,1,20261929,cap,5.0,0.0,False,,1.092,94.3,0.533,0.15,False,,0,0,{},0.0,0.0
random,target_left,2,20262930,cap,5.0,0.0,False,,1.096,65.0,0.474,0.18,False,,0,0,{},0.0,0.0
random,target_right,0,20263928,cap,5.0,0.0,False,,1.115,71.2,0.564,0.19,False,,0,0,{},0.0,0.0
random,target_right,1,20264929,cap,5.0,0.0,False,,1.046,68.7,0.465,0.14,False,,0,0,{},0.0,0.0
random,target_right,2,20265930,cap,5.0,0.0,False,,1.199,93.9,0.6,0.23,False,,0,0,{},0.0,0.0
random,target_center,0,20266928,cap,5.0,0.0,False,,1.056,37.2,0.5,0.17,False,,0,0,{},0.0,0.0
random,target_center,1,20267929,cap,5.0,0.0,False,,1.115,25.0,0.474,0.21,False,,0,0,{},0.0,0.0
random,target_center,2,20268930,cap,5.0,0.0,False,,1.07,42.5,0.535,0.13,False,,0,0,{},0.0,0.0
random,no_target,0,20269928,cap,3.0,0.0,False,,,,0.0,0.233,False,,0,0,{},0.0,0.0
random,no_target,1,20270929,cap,3.0,0.0,False,,,,0.0,0.2,False,,0,0,{},0.0,0.0
random,no_target,2,20271930,cap,3.0,0.0,False,,,,0.0,0.167,False,,0,0,{},0.0,0.0
random,looming,0,20272928,cap,3.0,0.0,False,,,,0.0,0.117,False,,0,0,{},0.0,0.0
random,looming,1,20273929,cap,3.0,0.0,False,,,,0.0,0.167,False,,0,0,{},0.0,0.0
random,looming,2,20274930,cap,3.0,0.0,False,,,,0.0,0.15,False,,0,0,{},0.0,0.0
scripted,target_left,0,20275928,success,2.85,0.0,True,2.8,1.19,9.4,0.0,0.0,False,,0,0,{},0.0,0.0
scripted,target_left,1,20276929,success,2.9,0.0,True,2.85,1.185,10.4,0.0,0.0,False,,0,0,{},0.0,0.0
scripted,target_left,2,20277930,success,2.8,0.0,True,2.75,1.212,8.7,0.0,0.0,False,,0,0,{},0.0,0.0
scripted,target_right,0,20278928,success,2.85,0.0,True,2.8,1.199,10.1,0.0,0.0,False,,0,0,{},0.0,0.0
scripted,target_right,1,20279929,success,2.85,0.0,True,2.8,1.199,11.0,0.0,0.0,False,,0,0,{},0.0,0.0
scripted,target_right,2,20280930,success,2.85,0.0,True,2.8,1.199,10.6,0.0,0.0,False,,0,0,{},0.0,0.0
scripted,target_center,0,20281928,success,2.65,0.0,True,2.6,1.217,6.2,0.0,0.0,False,,0,0,{},0.0,0.0
scripted,target_center,1,20282929,success,2.65,0.0,True,2.6,1.217,5.8,0.0,0.0,False,,0,0,{},0.0,0.0
scripted,target_center,2,20283930,success,2.65,0.0,True,2.6,1.208,0.5,0.0,0.0,False,,0,0,{},0.0,0.0
scripted,no_target,0,20284928,cap,3.0,0.0,False,,,,0.0,0.0,False,,0,0,{},0.0,0.0
scripted,no_target,1,20285929,cap,3.0,0.0,False,,,,0.0,0.0,False,,0,0,{},0.0,0.0
scripted,no_target,2,20286930,cap,3.0,0.0,False,,,,0.0,0.0,False,,0,0,{},0.0,0.0
scripted,looming,0,20287928,cap,3.0,0.0,False,,,,0.0,0.0,False,,0,0,{},0.0,0.0
scripted,looming,1,20288929,cap,3.0,0.0,False,,,,0.0,0.0,False,,0,0,{},0.0,0.0
scripted,looming,2,20289930,cap,3.0,0.0,False,,,,0.0,0.0,False,,0,0,{},0.0,0.0
intact,target_left,0,20290928,success,4.35,43.8,True,4.3,1.155,16.4,0.219,0.069,False,,85163,0,"{'P9_left': 16.09, 'P9_right': 17.24, 'GF_left': 0.0, 'GF_right': 0.23, 'MDN_bilateral': 0.0, 'BPN_bilateral': 0.0, 'RRN_bilateral': 0.0, 'DN_ALL_left': 1.09, 'DN_ALL_right': 1.62}",502.3,514.7
intact,target_left,1,20291929,success,4.4,43.9,True,4.35,1.151,18.1,0.227,0.068,False,,85484,0,"{'P9_left': 15.68, 'P9_right': 13.41, 'GF_left': 0.68, 'GF_right': 0.23, 'MDN_bilateral': 0.0, 'BPN_bilateral': 0.0, 'RRN_bilateral': 0.0, 'DN_ALL_left': 1.07, 'DN_ALL_right': 1.63}",497.6,505.5
intact,target_left,2,20292930,success,4.25,43.5,True,4.2,1.147,18.2,0.254,0.047,False,,82545,0,"{'P9_left': 17.65, 'P9_right': 16.71, 'GF_left': 0.0, 'GF_right': 0.0, 'MDN_bilateral': 0.0, 'BPN_bilateral': 0.0, 'RRN_bilateral': 0.0, 'DN_ALL_left': 1.07, 'DN_ALL_right': 1.61}",510.2,519.1
intact,target_right,0,20293928,success,4.15,41.2,True,4.1,1.147,17.8,0.222,0.024,False,,81749,0,"{'P9_left': 13.73, 'P9_right': 22.17, 'GF_left': 0.72, 'GF_right': 0.96, 'MDN_bilateral': 0.0, 'BPN_bilateral': 0.0, 'RRN_bilateral': 0.0, 'DN_ALL_left': 1.14, 'DN_ALL_right': 1.66}",495.3,540.8
intact,target_right,1,20294929,success,4.15,42.1,True,4.1,1.155,17.4,0.25,0.024,False,,81552,0,"{'P9_left': 14.46, 'P9_right': 22.41, 'GF_left': 1.2, 'GF_right': 0.72, 'MDN_bilateral': 0.0, 'BPN_bilateral': 0.0, 'RRN_bilateral': 0.0, 'DN_ALL_left': 1.13, 'DN_ALL_right': 1.66}",505.8,532.8
intact,target_right,2,20295930,success,4.1,41.0,True,4.05,1.143,17.2,0.217,0.024,False,,80884,0,"{'P9_left': 13.9, 'P9_right': 22.93, 'GF_left': 0.49, 'GF_right': 0.49, 'MDN_bilateral': 0.0, 'BPN_bilateral': 0.0, 'RRN_bilateral': 0.0, 'DN_ALL_left': 1.14, 'DN_ALL_right': 1.64}",499.4,512.0
intact,target_center,0,20296928,success,4.35,41.5,True,4.3,1.159,13.9,0.258,0.08,False,,84711,0,"{'P9_left': 13.56, 'P9_right': 17.7, 'GF_left': 0.23, 'GF_right': 0.69, 'MDN_bilateral': 0.0, 'BPN_bilateral': 0.0, 'RRN_bilateral': 0.0, 'DN_ALL_left': 1.1, 'DN_ALL_right': 1.6}",476.2,485.2
intact,target_center,1,20297929,success,4.1,42.4,True,4.05,1.168,13.0,0.224,0.049,False,,79100,0,"{'P9_left': 14.39, 'P9_right': 16.83, 'GF_left': 0.49, 'GF_right': 0.73, 'MDN_bilateral': 0.0, 'BPN_bilateral': 0.0, 'RRN_bilateral': 0.0, 'DN_ALL_left': 1.03, 'DN_ALL_right': 1.58}",516.0,613.4
intact,target_center,2,20298930,success,4.4,49.9,True,4.35,1.143,15.7,0.308,0.068,False,,85229,0,"{'P9_left': 13.86, 'P9_right': 18.18, 'GF_left': 0.68, 'GF_right': 0.45, 'MDN_bilateral': 0.0, 'BPN_bilateral': 0.0, 'RRN_bilateral': 0.0, 'DN_ALL_left': 1.07, 'DN_ALL_right': 1.59}",565.7,726.7
intact,no_target,0,20299928,cap,3.0,30.6,False,,,,0.0,1.0,False,,0,0,"{'P9_left': 0.0, 'P9_right': 0.0, 'GF_left': 0.0, 'GF_right': 0.0, 'MDN_bilateral': 0.0, 'BPN_bilateral': 0.0, 'RRN_bilateral': 0.0, 'DN_ALL_left': 0.0, 'DN_ALL_right': 0.0}",508.5,508.9
intact,no_target,1,20300929,cap,3.0,30.0,False,,,,0.0,1.0,False,,0,0,"{'P9_left': 0.0, 'P9_right': 0.0, 'GF_left': 0.0, 'GF_right': 0.0, 'MDN_bilateral': 0.0, 'BPN_bilateral': 0.0, 'RRN_bilateral': 0.0, 'DN_ALL_left': 0.0, 'DN_ALL_right': 0.0}",499.0,509.0
intact,no_target,2,20301930,cap,3.0,30.1,False,,,,0.0,1.0,False,,0,0,"{'P9_left': 0.0, 'P9_right': 0.0, 'GF_left': 0.0, 'GF_right': 0.0, 'MDN_bilateral': 0.0, 'BPN_bilateral': 0.0, 'RRN_bilateral': 0.0, 'DN_ALL_left': 0.0, 'DN_ALL_right': 0.0}",500.2,508.3
intact,looming,0,20302928,cap,3.0,30.3,False,,,,0.0,0.367,True,550.0,40000,0,"{'P9_left': 0.0, 'P9_right': 0.0, 'GF_left': 54.67, 'GF_right': 73.67, 'MDN_bilateral': 0.0, 'BPN_bilateral': 0.0, 'RRN_bilateral': 0.0, 'DN_ALL_left': 0.85, 'DN_ALL_right': 0.82}",504.7,508.9
intact,looming,1,20303929,cap,3.0,30.1,False,,,,0.0,0.383,True,600.0,40171,0,"{'P9_left': 0.0, 'P9_right': 0.0, 'GF_left': 53.33, 'GF_right': 74.67, 'MDN_bilateral': 0.0, 'BPN_bilateral': 0.0, 'RRN_bilateral': 0.0, 'DN_ALL_left': 0.87, 'DN_ALL_right': 0.83}",500.7,509.5
intact,looming,2,20304930,cap,3.0,30.2,False,,,,0.0,0.383,True,600.0,40491,0,"{'P9_left': 0.0, 'P9_right': 0.0, 'GF_left': 58.0, 'GF_right': 76.0, 'MDN_bilateral': 0.0, 'BPN_bilateral': 0.0, 'RRN_bilateral': 0.0, 'DN_ALL_left': 0.88, 'DN_ALL_right': 0.84}",503.2,508.6
shuffled_sensory,target_left,0,20305928,cap,5.0,55.8,False,,2.667,81.1,0.0,0.0,True,,60869,2,"{'P9_left': 0.0, 'P9_right': 0.8, 'GF_left': 56.4, 'GF_right': 60.8, 'MDN_bilateral': 0.0, 'BPN_bilateral': 0.0, 'RRN_bilateral': 0.0, 'DN_ALL_left': 0.66, 'DN_ALL_right': 0.74}",557.4,745.9
shuffled_sensory,target_left,1,20306929,cap,5.0,51.0,False,,2.667,83.5,0.0,0.0,True,,61415,0,"{'P9_left': 0.0, 'P9_right': 0.0, 'GF_left': 44.0, 'GF_right': 54.8, 'MDN_bilateral': 0.0, 'BPN_bilateral': 0.0, 'RRN_bilateral': 0.0, 'DN_ALL_left': 0.54, 'DN_ALL_right': 0.81}",508.9,625.3
shuffled_sensory,target_left,2,20307930,cap,5.0,50.7,False,,2.667,83.2,0.0,0.0,True,,57771,0,"{'P9_left': 0.0, 'P9_right': 0.0, 'GF_left': 58.4, 'GF_right': 86.4, 'MDN_bilateral': 0.0, 'BPN_bilateral': 0.0, 'RRN_bilateral': 0.0, 'DN_ALL_left': 0.64, 'DN_ALL_right': 0.72}",506.0,510.9
shuffled_sensory,target_right,0,20308928,cap,5.0,50.4,False,,2.667,85.4,0.0,0.0,True,,55962,0,"{'P9_left': 0.0, 'P9_right': 0.0, 'GF_left': 30.0, 'GF_right': 64.4, 'MDN_bilateral': 0.0, 'BPN_bilateral': 0.0, 'RRN_bilateral': 0.0, 'DN_ALL_left': 0.51, 'DN_ALL_right': 0.58}",503.3,516.4
shuffled_sensory,target_right,1,20309929,cap,5.0,49.8,False,,2.667,73.0,0.0,0.0,True,,55977,6,"{'P9_left': 0.0, 'P9_right': 2.0, 'GF_left': 44.4, 'GF_right': 75.8, 'MDN_bilateral': 0.0, 'BPN_bilateral': 0.0, 'RRN_bilateral': 0.0, 'DN_ALL_left': 0.53, 'DN_ALL_right': 0.6}",496.7,504.5
shuffled_sensory,target_right,2,20310930,cap,5.0,49.3,False,,2.667,86.6,0.0,0.0,True,,62300,100,"{'P9_left': 0.0, 'P9_right': 32.6, 'GF_left': 45.8, 'GF_right': 70.6, 'MDN_bilateral': 0.0, 'BPN_bilateral': 0.0, 'RRN_bilateral': 0.0, 'DN_ALL_left': 0.63, 'DN_ALL_right': 0.91}",491.8,499.8
shuffled_sensory,target_center,0,20311928,cap,5.0,47.5,False,,2.667,11.7,0.0,0.0,True,,61309,4,"{'P9_left': 1.0, 'P9_right': 3.8, 'GF_left': 55.0, 'GF_right': 68.8, 'MDN_bilateral': 0.0, 'BPN_bilateral': 0.0, 'RRN_bilateral': 0.0, 'DN_ALL_left': 0.6, 'DN_ALL_right': 0.91}",474.1,497.6
shuffled_sensory,target_center,1,20312929,cap,5.0,46.8,False,,2.667,10.8,0.0,0.0,True,,62682,0,"{'P9_left': 0.0, 'P9_right': 0.0, 'GF_left': 38.4, 'GF_right': 39.2, 'MDN_bilateral': 0.0, 'BPN_bilateral': 0.0, 'RRN_bilateral': 0.0, 'DN_ALL_left': 0.69, 'DN_ALL_right': 0.81}",466.8,495.1
shuffled_sensory,target_center,2,20313930,cap,5.0,47.2,False,,2.667,4.3,0.0,0.0,True,,57207,0,"{'P9_left': 0.0, 'P9_right': 0.0, 'GF_left': 54.6, 'GF_right': 64.2, 'MDN_bilateral': 0.0, 'BPN_bilateral': 0.0, 'RRN_bilateral': 0.0, 'DN_ALL_left': 0.6, 'DN_ALL_right': 0.6}",471.3,483.3
shuffled_sensory,no_target,0,20314928,cap,3.0,30.1,False,,,,0.0,1.0,False,,0,0,"{'P9_left': 0.0, 'P9_right': 0.0, 'GF_left': 0.0, 'GF_right': 0.0, 'MDN_bilateral': 0.0, 'BPN_bilateral': 0.0, 'RRN_bilateral': 0.0, 'DN_ALL_left': 0.0, 'DN_ALL_right': 0.0}",500.1,553.2
shuffled_sensory,no_target,1,20315929,cap,3.0,30.0,False,,,,0.0,1.0,False,,0,0,"{'P9_left': 0.0, 'P9_right': 0.0, 'GF_left': 0.0, 'GF_right': 0.0, 'MDN_bilateral': 0.0, 'BPN_bilateral': 0.0, 'RRN_bilateral': 0.0, 'DN_ALL_left': 0.0, 'DN_ALL_right': 0.0}",499.9,508.6
shuffled_sensory,no_target,2,20316930,cap,3.0,29.1,False,,,,0.0,1.0,False,,0,0,"{'P9_left': 0.0, 'P9_right': 0.0, 'GF_left': 0.0, 'GF_right': 0.0, 'MDN_bilateral': 0.0, 'BPN_bilateral': 0.0, 'RRN_bilateral': 0.0, 'DN_ALL_left': 0.0, 'DN_ALL_right': 0.0}",484.7,497.2
shuffled_sensory,looming,0,20317928,cap,3.0,29.4,False,,,,0.0,0.467,True,850.0,42782,17,"{'P9_left': 6.0, 'P9_right': 0.0, 'GF_left': 30.67, 'GF_right': 36.33, 'MDN_bilateral': 0.0, 'BPN_bilateral': 0.0, 'RRN_bilateral': 0.0, 'DN_ALL_left': 0.64, 'DN_ALL_right': 0.87}",489.4,496.9
shuffled_sensory,looming,1,20318929,cap,3.0,29.7,False,,,,0.0,0.417,True,700.0,43294,0,"{'P9_left': 0.0, 'P9_right': 1.33, 'GF_left': 39.67, 'GF_right': 52.67, 'MDN_bilateral': 0.0, 'BPN_bilateral': 0.0, 'RRN_bilateral': 0.0, 'DN_ALL_left': 0.82, 'DN_ALL_right': 0.8}",493.5,497.3
shuffled_sensory,looming,2,20319930,cap,3.0,29.9,False,,,,0.0,0.4,True,650.0,40097,0,"{'P9_left': 0.0, 'P9_right': 0.0, 'GF_left': 44.0, 'GF_right': 55.67, 'MDN_bilateral': 0.0, 'BPN_bilateral': 0.0, 'RRN_bilateral': 0.0, 'DN_ALL_left': 0.63, 'DN_ALL_right': 0.82}",496.9,506.3
shuffled_motor,target_left,0,20320928,cap,5.0,50.4,False,,2.667,88.7,0.0,0.0,True,,98742,100,"{'P9_left': 0.0, 'P9_right': 28.8, 'GF_left': 0.0, 'GF_right': 710.4, 'MDN_bilateral': 266.9, 'BPN_bilateral': 0.0, 'RRN_bilateral': 0.0, 'DN_ALL_left': 0.0, 'DN_ALL_right': 0.0}",503.1,520.4
shuffled_motor,target_left,1,20321929,cap,5.0,49.6,False,,2.667,75.0,0.0,0.0,True,,98085,100,"{'P9_left': 0.0, 'P9_right': 1029.6, 'GF_left': 0.0, 'GF_right': 713.4, 'MDN_bilateral': 0.0, 'BPN_bilateral': 0.0, 'RRN_bilateral': 0.0, 'DN_ALL_left': 0.05, 'DN_ALL_right': 0.0}",495.1,502.1
shuffled_motor,target_left,2,20322930,cap,5.0,49.2,False,,1.088,41.0,0.0,0.02,False,,98283,100,"{'P9_left': 0.0, 'P9_right': 0.0, 'GF_left': 0.0, 'GF_right': 0.0, 'MDN_bilateral': 7.2, 'BPN_bilateral': 32.22, 'RRN_bilateral': 0.0, 'DN_ALL_left': 0.0, 'DN_ALL_right': 0.0}",490.8,499.6
shuffled_motor,target_right,0,20323928,cap,5.0,50.3,False,,2.667,77.1,0.0,0.0,True,,112655,100,"{'P9_left': 0.0, 'P9_right': 0.0, 'GF_left': 1076.2, 'GF_right': 3.6, 'MDN_bilateral': 16.35, 'BPN_bilateral': 44.53, 'RRN_bilateral': 0.0, 'DN_ALL_left': 0.0, 'DN_ALL_right': 0.01}",501.8,515.1
shuffled_motor,target_right,1,20324929,cap,5.0,50.0,False,,1.088,89.2,0.469,0.02,False,,103685,1,"{'P9_left': 866.2, 'P9_right': 0.0, 'GF_left': 13.6, 'GF_right': 0.8, 'MDN_bilateral': 0.35, 'BPN_bilateral': 0.0, 'RRN_bilateral': 0.0, 'DN_ALL_left': 0.05, 'DN_ALL_right': 1.89}",498.7,512.3
shuffled_motor,target_right,2,20325930,cap,5.0,51.5,False,,2.667,74.8,0.0,0.0,True,,112641,8,"{'P9_left': 2.4, 'P9_right': 3.8, 'GF_left': 1485.8, 'GF_right': 0.0, 'MDN_bilateral': 0.0, 'BPN_bilateral': 0.0, 'RRN_bilateral': 0.0, 'DN_ALL_left': 0.1, 'DN_ALL_right': 0.0}",513.8,576.8
shuffled_motor,target_center,0,20326928,cap,5.0,49.5,False,,1.088,86.8,0.449,0.02,False,,103624,43,"{'P9_left': 1.6, 'P9_right': 867.0, 'GF_left': 0.0, 'GF_right': 0.0, 'MDN_bilateral': 3.2, 'BPN_bilateral': 0.04, 'RRN_bilateral': 0.0, 'DN_ALL_left': 0.0, 'DN_ALL_right': 0.05}",494.1,500.6
shuffled_motor,target_center,1,20327929,cap,5.0,51.6,False,,1.088,2.4,0.0,0.02,False,,92997,91,"{'P9_left': 0.2, 'P9_right': 18.6, 'GF_left': 0.0, 'GF_right': 0.6, 'MDN_bilateral': 223.95, 'BPN_bilateral': 17.01, 'RRN_bilateral': 0.0, 'DN_ALL_left': 0.0, 'DN_ALL_right': 0.0}",514.6,621.1
shuffled_motor,target_center,2,20328930,cap,5.0,50.9,False,,,0.2,0.0,1.0,False,,91930,2,"{'P9_left': 0.0, 'P9_right': 0.2, 'GF_left': 5.2, 'GF_right': 0.0, 'MDN_bilateral': 0.2, 'BPN_bilateral': 0.0, 'RRN_bilateral': 0.0, 'DN_ALL_left': 0.74, 'DN_ALL_right': 0.0}",508.1,518.6
shuffled_motor,no_target,0,20329928,cap,3.0,29.7,False,,,,0.0,1.0,False,,0,0,"{'P9_left': 0.0, 'P9_right': 0.0, 'GF_left': 0.0, 'GF_right': 0.0, 'MDN_bilateral': 0.0, 'BPN_bilateral': 0.0, 'RRN_bilateral': 0.0, 'DN_ALL_left': 0.0, 'DN_ALL_right': 0.0}",493.8,499.9
shuffled_motor,no_target,1,20330929,cap,3.0,29.8,False,,,,0.0,1.0,False,,0,0,"{'P9_left': 0.0, 'P9_right': 0.0, 'GF_left': 0.0, 'GF_right': 0.0, 'MDN_bilateral': 0.0, 'BPN_bilateral': 0.0, 'RRN_bilateral': 0.0, 'DN_ALL_left': 0.0, 'DN_ALL_right': 0.0}",495.9,498.9
shuffled_motor,no_target,2,20331930,cap,3.0,28.6,False,,,,0.0,1.0,False,,0,0,"{'P9_left': 0.0, 'P9_right': 0.0, 'GF_left': 0.0, 'GF_right': 0.0, 'MDN_bilateral': 0.0, 'BPN_bilateral': 0.0, 'RRN_bilateral': 0.0, 'DN_ALL_left': 0.0, 'DN_ALL_right': 0.0}",475.8,478.7
shuffled_motor,looming,0,20332928,cap,3.0,27.9,False,,,,0.0,0.3,True,450.0,40330,40,"{'P9_left': 51.0, 'P9_right': 538.0, 'GF_left': 555.67, 'GF_right': 0.0, 'MDN_bilateral': 0.0, 'BPN_bilateral': 0.0, 'RRN_bilateral': 0.0, 'DN_ALL_left': 0.0, 'DN_ALL_right': 0.0}",463.7,467.0
shuffled_motor,looming,1,20333929,cap,3.0,27.7,False,,,,0.0,0.317,True,900.0,39996,40,"{'P9_left': 0.0, 'P9_right': 556.0, 'GF_left': 0.0, 'GF_right': 54.0, 'MDN_bilateral': 18.67, 'BPN_bilateral': 0.0, 'RRN_bilateral': 0.0, 'DN_ALL_left': 0.0, 'DN_ALL_right': 0.0}",460.4,470.5
shuffled_motor,looming,2,20334930,cap,3.0,29.5,False,,,,0.0,0.433,True,750.0,39827,28,"{'P9_left': 0.0, 'P9_right': 0.0, 'GF_left': 0.0, 'GF_right': 69.67, 'MDN_bilateral': 0.0, 'BPN_bilateral': 16.64, 'RRN_bilateral': 0.0, 'DN_ALL_left': 0.81, 'DN_ALL_right': 0.0}",491.1,499.7
