neuropil,Brain compartment,syn_count_total,syn_count_proof_post,syn_count_proof_pre,syn_proof_ratio_post,syn_proof_ratio_pre,vol_µm3,side
AL_L,Central brain,1484473,798769,1410911,0.538082538382308,0.950445713731405,398177.4211882716,L
AL_R,Central brain,1445052,767432,1367207,0.5310756983139707,0.9461299662572696,404750.971178847,R
AME_L,Optic lobe,31248,12442,27922,0.3981694828469022,0.8935611879160267,6014.853964959125,L
AME_R,Optic lobe,33205,13684,30617,0.4121066104502334,0.9220599307333233,4973.020777486228,R
AMMC_L,Central brain,186648,102561,178634,0.5494888774591745,0.9570635634992071,79604.491242282,L
AMMC_R,Central brain,212881,108955,197484,0.5118117633795407,0.9276732070969227,64805.32830634325,R
AOTU_L,Central brain,399758,196236,370372,0.49088698662690927,0.926490526768695,66065.22676418317,L
AOTU_R,Central brain,466790,225006,446409,0.48202832108656996,0.9563379678227897,53426.71149480783,R
ATL_L,Central brain,155159,40645,145140,0.26195708917948685,0.9354275291797447,18508.952562378876,L
ATL_R,Central brain,135990,36320,127277,0.26707846165159205,0.9359291124347379,20566.406141668915,R
AVLP_L,Central brain,4487005,1609952,4223533,0.3588032551780085,0.941281099530756,602251.1151393126,L
AVLP_R,Central brain,5392827,2081650,5190276,0.3860034820327075,0.9624406642378849,468998.709708852,R
BU_L,Central brain,12729,4360,12069,0.3425249430434441,0.9481498939429649,6601.59643036938,L
BU_R,Central brain,29035,10555,27907,0.3635267780265197,0.9611503358016187,3635.725053410276,R
CAN_L,Central brain,50155,13972,48095,0.27857641311933007,0.9589273252915961,8881.7201109215,L
CAN_R,Central brain,56892,16271,54398,0.2859980313576601,0.9561625536103494,6184.203471733073,R
CRE_L,Central brain,1025825,345226,959498,0.3365349840372383,0.9353427728901128,165165.93895714,L
CRE_R,Central brain,1096670,362817,1037866,0.33083516463475793,0.9463794942872514,151253.6473853283,R
EB,Central brain,447892,302763,419227,0.6759732256883356,0.9360001964759361,84200.25433027066,C
EPA_L,Central brain,176003,61810,165729,0.35118719567280104,0.9416259950114486,17573.51243870758,L
EPA_R,Central brain,145573,50339,138201,0.34579901492721865,0.9493587409753182,20346.786136666666,R
FB,Central brain,1815473,955620,1712034,0.5263752201216984,0.9430236638055206,220014.769954172,C
FLA_L,Central brain,378420,104469,360809,0.2760662755668305,0.9534617620633159,66795.92845223966,L
FLA_R,Central brain,458481,134562,440572,0.2934952593455345,0.9609384031181226,56445.822169094165,R
GA_L,Central brain,36133,16728,34306,0.46295630033487395,0.9494368029225362,5041.684402547816,L
GA_R,Central brain,23745,10702,22754,0.4507054116656138,0.9582648978732364,6430.688806421578,R
GNG,Central brain,7307494,2808601,7046968,0.3843453036020283,0.9643481062043978,1270958.7793263586,C
GOR_L,Central brain,241978,81537,226372,0.3369603848283728,0.9355065336518196,24115.009786114708,L
GOR_R,Central brain,231932,81724,218837,0.35236189917734506,0.9435394857113292,26635.92404774754,R
IB_L,Central brain,529775,151605,497912,0.2861686565051201,0.9398555990750791,68553.35142380583,L
IB_R,Central brain,557042,167353,527847,0.30043156530387294,0.9475892302555283,71215.758954217,R
ICL_L,Central brain,1057284,349097,997622,0.3301828080250907,0.9435705070728395,121968.33748325866,L
ICL_R,Central brain,1087842,382025,1032193,0.35117691723614275,0.9488445932405625,120163.481171772,R
IPS_L,Central brain,1471326,519227,1419540,0.35289731847326833,0.9648031775418908,184511.89457120065,L
IPS_R,Central brain,1281435,495027,1243813,0.3863067576584064,0.9706407269974677,227794.9967602283,R
LAL_L,Central brain,1222568,446530,1185712,0.36523939772675224,0.9698536195941657,140343.3964499895,L
LAL_R,Central brain,1173093,448476,1146570,0.3823021704161563,0.9773905393690014,146440.3981978393,R
LA_L,Optic lobe,505084,201965,392045,0.3998641810075156,0.7761976225736709,1012321.0924780587,L
LA_R,Optic lobe,530816,307123,463827,0.5785865535326742,0.8737999608150471,990351.4811367946,R
LH_L,Central brain,2144877,625311,2075747,0.2915369972264144,0.9677697136012927,175037.94871984565,L
LH_R,Central brain,2105799,686558,2048119,0.32603206668822615,0.9726089717014776,198207.55884610617,R
LOP_L,Optic lobe,2555529,1349502,2221321,0.5280714873515425,0.8692215975635573,269162.3623449963,L
LOP_R,Optic lobe,3166111,2012158,2984705,0.635529834550968,0.9427038407686906,231148.28683948464,R
LO_L,Optic lobe,7478622,4078151,6938879,0.5453078120541458,0.9278285491632015,545485.0441941926,L
LO_R,Optic lobe,7610820,4151235,7090275,0.545438599257373,0.9316046102785245,528519.241292823,R
MB_CA_L,Central brain,507439,266908,501050,0.5259903160774004,0.9874093240763915,94031.64546494215,L
MB_CA_R,Central brain,508758,233392,503057,0.45874856021920046,0.9887942794019947,103850.95484625932,R
MB_ML_L,Central brain,495784,337044,479126,0.679820244299937,0.966400690623336,122830.02559979165,L
MB_ML_R,Central brain,402313,262773,383302,0.6531556275834984,0.9527457477138447,119618.533522327,R
MB_PED_L,Central brain,212158,137128,206673,0.6463484761357102,0.9741466265707633,49856.386246890164,L
MB_PED_R,Central brain,214448,127238,209585,0.5933279862717302,0.9773231739162874,46487.3959768795,R
MB_VL_L,Central brain,163987,97432,158492,0.5941446578082409,0.9664912462573253,42744.07234901416,L
MB_VL_R,Central brain,169248,116774,165002,0.6899579315560598,0.9749125543581018,36412.70734898516,R
ME_L,Optic lobe,15374870,8450781,13846667,0.5496489401211198,0.9006038425040341,1817000.9632540424,L
ME_R,Optic lobe,16718114,9452635,15493191,0.5654127612719951,0.9267307903271864,1802542.371476676,R
NO,Central brain,137624,106335,134347,0.772648665930361,0.9761887461489275,20136.581618325665,C
OCG,Central brain,30033,15784,21751,0.525555222588486,0.724236672993041,32051.588533527163,C
PB,Central brain,209199,69779,190375,0.33355321966166185,0.9100186903379079,39980.822396172036,C
PLP_L,Central brain,2164385,782164,2069907,0.36137932946310386,0.9563488011606068,219855.9493662863,L
PLP_R,Central brain,1947741,694582,1870609,0.35660901526434985,0.9603992522619794,260864.53346672366,R
PRW,Central brain,1097225,367977,1050638,0.3353705939984962,0.9575410695162797,142704.50575035092,C
PVLP_L,Central brain,2011956,946610,1901591,0.470492396453998,0.9451454206752037,151927.23727855,L
PVLP_R,Central brain,1502398,735478,1440735,0.48953606168272323,0.9589569474932741,219423.51564770532,R
SAD,Central brain,1388792,554076,1322392,0.3989625516276015,0.9521886646812482,270661.90390252974,C
SCL_L,Central brain,944479,263364,886099,0.2788457975243494,0.9381881439396746,105547.52964784166,L
SCL_R,Central brain,990724,296533,942076,0.29930939393817046,0.9508965160831877,103903.48185536182,R
SIP_L,Central brain,722012,212583,670403,0.2944313944920583,0.9285205786053418,97320.89948714466,L
SIP_R,Central brain,803765,243284,759480,0.30268050985051603,0.9449030500208394,87957.50352980765,R
SLP_L,Central brain,2722685,601238,2472629,0.22082539845777238,0.9081583069653669,308872.1392467733,L
SLP_R,Central brain,3021395,769028,2848845,0.2545274616526472,0.9428906184063983,279657.9808164843,R
SMP_L,Central brain,3140353,877089,2934389,0.27929630840864067,0.9344137426588667,375830.058002222,L
SMP_R,Central brain,3330544,956029,3137939,0.2870489025216301,0.9421701079463295,342297.6642915486,R
SPS_L,Central brain,1619515,593793,1552505,0.36664865715970524,0.958623415034748,247679.46660292931,L
SPS_R,Central brain,1980996,761922,1903990,0.38461561759842017,0.961127634785734,217516.3203850543,R
VES_L,Central brain,853362,275748,817049,0.3231313323068053,0.957447132635388,107803.15448788433,L
VES_R,Central brain,893421,294485,857346,0.32961504150898624,0.9596214998304271,99695.63585641733,R
WED_L,Central brain,547708,204418,525541,0.37322441885092056,0.9595277045432968,96422.5885962745,L
WED_R,Central brain,767198,264570,739980,0.3448523067057005,0.9645228480783318,78010.96923795524,R
