pop_id,name,region,function,references,present_in_v783,n,left,right,nt_distribution,out_synapses,unique_post_partners,in_synapses,frac_excitatory_out,proposed_mapping,confidence,root_ids_file,n_root_ids_total
LMC_L1,Lamina monopolar cell L1 (ON channel),Lamina (optic lobe),Sustained ON / brightness channel; main input from R1-R6 photoreceptors; feeds the ON motion pathway (L1 -> Mi1 -> T4).,Fischbach & Dittrich 1989; Borst 2018; Yang et al. 2016 (Cell),True,1775,982,793.0,"{""GLUT"": 836, ""GABA"": 323, ""ACH"": 8}",429076,16572,198968,-0.9715156186910399,"brightness/contrast (ON), hemisphere = visual hemifield",high,ids/LMC_L1.json,1775
LMC_L2,Lamina monopolar cell L2 (OFF channel),Lamina (optic lobe),Transient OFF / contrast channel; feeds the OFF motion pathway (L2 -> Tm1/Tm2 -> T5).,Fischbach & Dittrich 1989; Borst 2018; Fu et al. 2020,True,1728,937,791.0,"{""ACH"": 1562}",764485,23390,344281,0.9989636410743588,"brightness/contrast (OFF), hemisphere = visual hemifield",high,ids/LMC_L2.json,1728
LMC_L3,Lamina monopolar cell L3 (sustained brightness),Lamina (optic lobe),Sustained luminance / contrast channel operating in darkness; modulates both ON and OFF pathways.,Fischbach & Dittrich 1989; Kenner et al. 2022,True,1477,739,738.0,"{""ACH"": 1376, ""GABA"": 2, ""GLUT"": 1}",317878,23748,114025,0.9994318181818181,brightness (ambient level),high,ids/LMC_L3.json,1477
TM_OFF,"Transmedullary OFF-pathway cells (Tm1,Tm2,Tm3,Tm4,Tm9)",Medulla (optic lobe),OFF-edge relay from lamina to lobula; Tm1/Tm2/Tm4/Tm9 provide the delayed and direct lines of the OFF motion detector.,Shinomiya et al. 2014; Takemura et al. 2017; Fu et al. 2020,True,7871,3981,3890.0,"{""ACH"": 7848, ""GABA"": 2}",3394777,71949,1831551,0.9978743610711146,"motion/OFF edges, contrast",high,ids/TM_OFF.json,7871
MI_ON,"Medulla intrinsic ON-pathway cells (Mi1,Mi4,Mi9,T2,T3)",Medulla (optic lobe),ON-edge relay: Mi1 (direct) and Mi4/Mi9 (delayed) converge onto T4 dendrites.,Takemura et al. 2017; Borst 2018,True,7806,3926,3880.0,"{""ACH"": 4616, ""GABA"": 1696, ""GLUT"": 1023}",3136868,67357,2080467,0.18648841102292144,motion/ON edges,high,ids/MI_ON.json,7806
T4,T4a-d (ON direction-selective columnar neurons),Medulla layer 10 -> lobula plate,"Direction-selective ON motion detectors; four subtypes (a,b,c,d) tile four directional preferences; principal input to lobula-plate tangential cells.",Maisak et al. 2013 (Nature),True,6243,3139,3104.0,"{""ACH"": 5560, ""GLUT"": 34, ""GABA"": 33}",877677,31055,849830,0.924503744317503,"motion direction (ON edges), optic flow components",high,ids/T4.json,6243
T5,T5a-d (OFF direction-selective columnar neurons),Lobula layer 1 -> lobula plate,"Direction-selective OFF motion detectors; four subtypes (a,b,c,d); converge with T4 onto the same tangential cells.",Maisak et al. 2013 (Nature),True,6002,3006,2996.0,"{""ACH"": 5347, ""GLUT"": 41, ""GABA"": 16}",893524,27767,867116,0.9268654607122668,"motion direction (OFF edges), optic flow components",high,ids/T5.json,6002
LPTC_HS,"Horizontal-system tangential cells (HSN,HSE,HSS)",Lobula plate,Wide-field neurons integrating horizontal retinal large-field motion (optic flow); HSN/HSE/HSS are electrophysiologically characterized motion-vision neurons.,Hausen 1982; Schnell et al. 2010; Borst 2018,True,6,3,3.0,"{""ACH"": 5}",5888,2247,38111,1.0,"optic flow (horizontal), self-motion estimate",high,ids/LPTC_HS.json,6
LPTC_VS,Vertical-system tangential cells (VS1-VS8),Lobula plate,"Wide-field neurons integrating vertical retinal large-field motion (optic flow), each covering a distinct part of the visual field.",Hengstenberg 1982; Borst 2018,True,16,8,8.0,"{""ACH"": 15}",8725,2814,69082,0.8904704463208685,"optic flow (vertical), self-motion estimate",high,ids/LPTC_VS.json,16
LPLC2,Lobula plate / lobula columnar type 2 (LPLC2),Lobula layer 4 + lobula plate,Looming (expanding-edge) detector; encodes angular size/velocity of approaching objects; provides the dominant optic-lobe input to the giant fiber (DNp01) escape pathway.,von Reyn et al. 2017; Ache et al. 2019 (Curr Biol); Lopez et al. 2024,True,210,108,102.0,"{""ACH"": 208}",84760,7665,186982,1.0,"looming/threat, object approach (expanding contour)",high,ids/LPLC2.json,210
LPLC1_LPLC4,LPLC1 and LPLC4 (looming-family columnar neurons),Lobula / lobula plate,Looming-responsive columnar projection neurons of the lobula plate/lobula cluster; response properties distinct from LPLC2.,Wu et al. 2016 (eLife); Klapoetke et al. 2022,True,250,124,126.0,"{""ACH"": 250}",155745,12856,407068,1.0,looming/threat (secondary),medium,ids/LPLC1_LPLC4.json,250
LC4,Lobula columnar LC4,Lobula -> optic glomerulus (AOTU),Visual projection neuron contributing with LPLC2 most of the optic-lobe input to the giant fiber; required for normal timing of looming escape.,von Reyn et al. 2017; Williamson et al. 2018; Lopez et al. 2024,True,104,54,50.0,"{""ACH"": 103}",33644,4678,134023,1.0,looming/threat (escape timing),high,ids/LC4.json,104
LC16,Lobula columnar LC16,Lobula -> optic glomerulus,Small-object / approaching-object detector; optogenetic activation induces backward walking hypothesised to be mediated by moonwalker descending neurons.,Sen et al. 2017 (Cell Rep); Wu et al. 2016,True,152,78,74.0,"{""ACH"": 113, ""GLUT"": 4}",58112,4153,74016,0.8934769599042489,object approach / small-object threat,high,ids/LC16.json,152
LC17,Lobula columnar LC17,Lobula -> optic glomerulus,Edge-motion sensitive visual projection neuron implicated in visual approach/looming-adjacent behaviours.,Wu et al. 2016; Klapoetke et al. 2022; preprint evidence 2026,True,276,134,142.0,"{""ACH"": 201}",148105,3680,280941,1.0,object approach (edge motion),medium,ids/LC17.json,276
LC9,Lobula columnar LC9,Lobula -> optic glomerulus,Visual projection neuron providing a major input to P9/DNp09 (forward-walking/turning command); part of the object-directed walking pathway.,Wu et al. 2016; Bidaye et al. 2020 (Neuron),True,179,87,92.0,"{""ACH"": 179}",96223,5714,99834,1.0,visual target for directed walking (approach),high,ids/LC9.json,179
METU,Medulla-to-tubercle neurons (MeTu),Medulla -> anterior optic tubercle / bulb,Anterior visual pathway carrying (non-topographic and topographic) visual information via the bulb to the central complex (navigation/pol-ish-light cues); not a primary entry for game vision.,Omoto et al. 2017; Timaeus et al. 2020,True,904,457,447.0,"{""ACH"": 878, ""GABA"": 7, ""DA"": 1}",198608,13600,272589,0.9943664145701497,(reserved) navigation-oriented visual context,high,ids/METU.json,904
GRN_SUGAR,Labellar sugar-sensing gustatory receptor neurons (tutorial set),"Subesophageal zone (SEZ, axon terminals)",Sugar-taste sensory neurons; the tutorial stimulus set of the Shiu et al. model; establishes the precedent of sensory entry into the digital brain.,Shiu et al. 2025; FlyWire labels,True,20,20,,"{""ACH"": 18}",6878,285,3660,1.0,(legacy tutorial input; precedent for sensory entry),high,ids/GRN_SUGAR.json,20
ORN_OLFACTORY,Olfactory receptor neuron axons (class: olfactory),Antennal lobe (axons),"Chemosensory entry into the antennal lobe; not used by the game (no olfactory display), registered for completeness.",FlyWire v783 annotations,True,2281,1117,1134.0,"{""ACH"": 1420, ""SER"": 391, ""GABA"": 3}",358178,3184,161492,0.9989799665429026,none (reserved),data-only,ids/ORN_OLFACTORY.json,2281
MECHANO_JO,Mechanosensory neurons (incl. Johnston's organ),Antennal mechanosensory brain center / SEZ,Mechanical vibration / sound entry (Johnston's organ); future optional entry point if game audio is ever mapped.,FlyWire v783 annotations; Kamikouchi et al. 2009,True,2674,1370,1304.0,"{""ACH"": 1288, ""DA"": 60, ""SER"": 40, ""GLUT"": 7, ""GABA"": 2}",319736,5602,117659,0.9926549442544668,none (reserved; potential audio),data-only,ids/MECHANO_JO.json,2674
