flyid,name,sugarR,sugarR_100Hz
720575940605513649,,5.333333333333333,4.666666666666667
720575940605658033,,23.333333333333332,19.666666666666668
720575940605682790,,15.333333333333334,11.0
720575940606391218,,0.3333333333333333,
720575940606607234,,18.0,15.333333333333334
720575940606852018,,2.0,1.0
720575940606866377,,73.0,52.0
720575940607193986,,38.333333333333336,31.666666666666668
720575940607272649,,59.333333333333336,44.666666666666664
720575940607386290,,26.666666666666668,13.333333333333334
720575940607387314,,0.3333333333333333,
720575940607451081,,33.333333333333336,28.0
720575940607689394,,9.666666666666666,3.0
720575940608188427,,0.3333333333333333,
720575940608349379,,5.666666666666667,5.0
720575940608498780,,27.333333333333332,19.666666666666668
720575940608735241,,23.333333333333332,14.666666666666666
720575940609016843,,5.666666666666667,5.0
720575940609133269,,19.666666666666668,10.333333333333334
720575940609405635,,27.333333333333332,17.333333333333332
720575940609407939,,43.333333333333336,36.333333333333336
720575940609915204,,36.333333333333336,25.666666666666668
720575940609935172,,17.0,16.0
720575940609939780,,18.666666666666668,12.333333333333334
720575940609993284,,23.0,19.333333333333332
720575940610000964,,21.0,13.0
720575940610001220,,9.333333333333334,4.333333333333333
720575940610054980,,70.0,51.666666666666664
720575940610058052,,0.3333333333333333,
720575940610173048,,,0.6666666666666666
720575940610232274,,12.0,7.0
720575940610258552,,33.666666666666664,23.333333333333332
720575940610611246,,10.666666666666666,6.333333333333333
720575940610621026,,3.3333333333333335,4.0
720575940610677828,,48.666666666666664,35.666666666666664
720575940610803554,,32.0,19.333333333333332
720575940610916465,,32.333333333333336,13.666666666666666
720575940611015122,,33.333333333333336,9.333333333333334
720575940611151406,,6.0,0.6666666666666666
720575940611160930,,31.0,22.333333333333332
720575940611164770,,12.666666666666666,8.0
720575940611366058,,5.666666666666667,1.3333333333333333
720575940611436408,,26.333333333333332,18.666666666666668
720575940611548878,,42.333333333333336,24.333333333333332
720575940611549902,,20.666666666666668,7.0
720575940611875570,sugar_21,146.33333333333334,104.0
720575940611988197,,3.3333333333333335,1.6666666666666667
720575940612036837,,34.666666666666664,34.666666666666664
720575940612064113,,68.33333333333333,47.333333333333336
720575940612208858,,12.666666666666666,8.0
720575940612289010,,10.666666666666666,4.0
720575940612357618,,13.0,11.666666666666666
720575940612423922,,61.333333333333336,47.666666666666664
720575940612479205,,9.666666666666666,2.3333333333333335
720575940612537061,,4.666666666666667,4.0
720575940612558061,,32.0,22.333333333333332
720575940612603289,,1.0,3.3333333333333335
720575940612611301,,73.33333333333333,55.0
720575940612648106,,16.666666666666668,0.6666666666666666
720575940612670570,sugar_18,161.33333333333334,93.33333333333333
720575940612692633,,56.333333333333336,44.333333333333336
720575940612766515,,5.666666666666667,5.0
720575940612888178,,36.666666666666664,27.0
720575940612906518,,77.0,60.666666666666664
720575940612952557,,14.0,7.333333333333333
720575940613004402,,20.0,14.0
720575940613347299,,30.666666666666668,24.333333333333332
720575940613670893,,21.333333333333332,11.0
720575940613687789,,38.0,24.0
720575940613743569,,2.6666666666666665,4.666666666666667
720575940613929391,,30.0,19.333333333333332
720575940613943215,,19.333333333333332,11.0
720575940614128691,,26.666666666666668,19.0
720575940614386070,,,1.3333333333333333
720575940614660519,,20.666666666666668,8.666666666666666
720575940614730914,,15.333333333333334,18.333333333333332
720575940614763666,,78.0,63.0
720575940614909506,,0.6666666666666666,4.666666666666667
720575940615041430,,114.0,96.33333333333333
720575940615052812,,14.333333333333334,7.0
720575940615153494,,5.666666666666667,3.6666666666666665
720575940615296818,,25.333333333333332,16.0
720575940615564959,,4.666666666666667,3.0
720575940615582111,,4.333333333333333,0.6666666666666666
720575940615623867,,7.0,3.6666666666666665
720575940615671106,,82.33333333333333,66.66666666666667
720575940615715003,,4.333333333333333,5.0
720575940615811670,,7.0,3.6666666666666665
720575940616018956,,76.0,55.333333333333336
720575940616103218,,80.0,58.0
720575940616466260,,52.666666666666664,40.666666666666664
720575940616644411,,24.333333333333332,14.666666666666666
720575940616857174,,44.666666666666664,35.666666666666664
720575940616860758,,3.0,1.0
720575940616864086,,34.0,28.0
720575940616864217,,46.333333333333336,35.666666666666664
720575940616885538,sugar_12,147.33333333333334,108.0
720575940617000768,sugar_5,162.0,96.0
720575940617373268,,2.0,
720575940617471133,,0.3333333333333333,2.3333333333333335
720575940617488477,,10.666666666666666,8.0
720575940617494877,,13.333333333333334,8.333333333333334
720575940617497437,,,1.0
720575940617552057,,41.333333333333336,30.333333333333332
720575940617588258,,38.0,30.333333333333332
720575940617593233,,61.333333333333336,43.0
720575940617629841,,48.333333333333336,33.666666666666664
720575940617672920,,0.3333333333333333,
720575940617937543,sugar_15,143.66666666666666,102.66666666666667
720575940618153105,,0.3333333333333333,
720575940618165019,,108.66666666666667,88.0
720575940618472261,,51.666666666666664,36.333333333333336
720575940618574749,,35.333333333333336,32.333333333333336
720575940618696989,,33.333333333333336,16.666666666666668
720575940618726171,,16.0,4.666666666666667
720575940618800064,,0.3333333333333333,0.3333333333333333
720575940618859480,,12.666666666666666,1.3333333333333333
720575940618864725,,3.6666666666666665,4.0
720575940618995393,,5.666666666666667,5.0
720575940619048827,,66.33333333333333,47.333333333333336
720575940619114048,,27.333333333333332,19.666666666666668
720575940619173534,,16.666666666666668,13.333333333333334
720575940619176094,,1.0,
720575940619455879,,2.3333333333333335,2.3333333333333335
720575940619473624,,30.0,22.333333333333332
720575940619588568,,37.333333333333336,19.0
720575940619853515,,35.666666666666664,30.666666666666668
720575940619877396,,78.33333333333333,65.66666666666667
720575940619973712,,111.66666666666667,90.66666666666667
720575940620025620,,29.0,19.666666666666668
720575940620031366,,48.333333333333336,36.333333333333336
720575940620062288,,4.333333333333333,3.0
720575940620170887,,29.666666666666668,17.666666666666668
720575940620254087,,19.333333333333332,13.666666666666666
720575940620271636,,0.3333333333333333,0.6666666666666666
720575940620274085,,85.66666666666667,71.66666666666667
720575940620282900,,5.666666666666667,5.0
720575940620292116,,3.0,0.6666666666666666
720575940620297819,,0.3333333333333333,0.3333333333333333
720575940620335269,,59.0,41.333333333333336
720575940620374693,,19.0,10.0
720575940620473547,,18.0,6.666666666666667
720575940620474278,,5.0,3.0
720575940620673985,,47.666666666666664,35.666666666666664
720575940620714150,,5.666666666666667,9.333333333333334
720575940620780272,,27.0,20.0
720575940620805046,,10.666666666666666,6.666666666666667
720575940620873793,,5.666666666666667,5.0
720575940620874757,,96.0,71.33333333333333
720575940620900446,sugar_14,156.66666666666666,99.0
720575940621057702,,10.666666666666666,4.0
720575940621261296,,34.666666666666664,29.0
720575940621329328,,1.0,
720575940621345012,,2.0,
720575940621399899,,48.333333333333336,39.0
720575940621422518,,16.333333333333332,12.0
720575940621468404,,5.666666666666667,5.0
720575940621502051,sugar_9,139.33333333333334,102.33333333333333
720575940621519130,,1.0,3.3333333333333335
720575940621538142,,32.0,23.666666666666668
720575940621573030,,21.333333333333332,14.666666666666666
720575940621577036,,8.666666666666666,2.6666666666666665
720575940621586854,,69.33333333333333,60.333333333333336
720575940621754367,sugar_8,158.66666666666666,107.66666666666667
720575940621771041,,7.333333333333333,2.6666666666666665
720575940621902085,,0.3333333333333333,
720575940622027222,,4.666666666666667,8.333333333333334
720575940622235425,,58.333333333333336,43.333333333333336
720575940622348156,,22.333333333333332,16.0
720575940622474899,,0.3333333333333333,
720575940622552675,,0.3333333333333333,
720575940622612749,,30.666666666666668,21.333333333333332
720575940622624214,,6.333333333333333,4.0
720575940622695448,,140.66666666666666,113.33333333333333
720575940622734106,,0.6666666666666666,
720575940622810153,,45.0,32.0
720575940623072013,,5.666666666666667,5.0
720575940623192781,,24.333333333333332,15.666666666666666
720575940623209165,,32.666666666666664,22.0
720575940623210445,,63.0,41.666666666666664
720575940623211725,,65.0,50.333333333333336
720575940623224555,,0.3333333333333333,
720575940623352063,,83.33333333333333,70.33333333333333
720575940623453959,,28.333333333333332,23.666666666666668
720575940623478115,,11.666666666666666,4.666666666666667
720575940623578375,,42.333333333333336,30.0
720575940624023188,,27.666666666666668,19.0
720575940624084372,,4.333333333333333,5.0
720575940624163303,,0.6666666666666666,1.6666666666666667
720575940624310857,,5.0,3.0
720575940624366845,,1.0,0.3333333333333333
720575940624484796,,53.333333333333336,41.333333333333336
720575940624600840,,9.333333333333334,5.666666666666667
720575940624623287,,31.0,22.0
720575940624897516,,34.333333333333336,28.333333333333332
720575940624906483,,30.666666666666668,20.333333333333332
720575940624963786,sugar_1,150.33333333333334,100.0
720575940624966840,,33.666666666666664,22.0
720575940625045180,,76.66666666666667,58.0
720575940625047484,,48.333333333333336,34.666666666666664
720575940625102692,,54.333333333333336,37.666666666666664
720575940625164558,,0.6666666666666666,
720575940625175054,,64.33333333333333,47.333333333333336
720575940625178768,,25.333333333333332,17.333333333333332
720575940625580988,,39.666666666666664,29.0
720575940625612474,,,1.3333333333333333
720575940625641402,,3.3333333333333335,8.0
720575940625705930,,63.666666666666664,47.666666666666664
720575940625737776,,39.666666666666664,30.333333333333332
720575940625861660,,39.0,29.333333333333332
720575940625867056,,59.666666666666664,39.333333333333336
720575940625874992,,66.0,45.333333333333336
720575940625875504,,55.333333333333336,39.666666666666664
720575940626038714,,3.6666666666666665,5.666666666666667
720575940626159306,,0.3333333333333333,
720575940626191306,,100.66666666666667,78.0
720575940626256765,,16.333333333333332,14.333333333333334
720575940626278974,,13.666666666666666,7.0
720575940626279742,,37.0,24.333333333333332
720575940626289021,,8.333333333333334,3.0
720575940626308697,,25.0,13.333333333333334
720575940626468178,,1.3333333333333333,
720575940626478082,,,1.3333333333333333
720575940626495746,,35.333333333333336,20.333333333333332
720575940626626597,,27.666666666666668,19.0
720575940626860421,,0.6666666666666666,
720575940626968216,,0.3333333333333333,
720575940626972056,,28.0,5.666666666666667
720575940626993694,,21.0,17.0
720575940626999464,,9.333333333333334,3.6666666666666665
720575940627083294,,20.0,6.333333333333333
720575940627086594,,21.333333333333332,14.0
720575940627107271,,16.0,9.0
720575940627383685,,125.33333333333333,101.33333333333333
720575940627410451,,31.666666666666668,28.333333333333332
720575940627446661,,4.333333333333333,5.0
720575940627704392,,2.3333333333333335,
720575940627779983,,22.0,18.333333333333332
720575940627812168,,11.333333333333334,6.0
720575940627814728,,2.6666666666666665,1.0
720575940627819151,,29.0,21.0
720575940627828296,,11.333333333333334,4.666666666666667
720575940627847752,,42.333333333333336,35.333333333333336
720575940627949626,,0.3333333333333333,
720575940628114684,,64.66666666666667,46.333333333333336
720575940628129129,,,0.3333333333333333
720575940628598121,,75.33333333333333,56.666666666666664
720575940628630171,,19.666666666666668,17.666666666666668
720575940628648809,,49.333333333333336,39.0
720575940628676457,,23.0,10.333333333333334
720575940628755815,,58.666666666666664,43.0
720575940628826128,,37.666666666666664,33.0
720575940628853239,sugar_19,156.0,105.33333333333333
720575940628972048,,45.333333333333336,32.666666666666664
720575940628995331,,1.0,0.6666666666666666
720575940628997123,,18.666666666666668,18.0
720575940628998659,,19.0,9.333333333333334
720575940629000783,,18.666666666666668,13.0
720575940629176663,sugar_20,143.0,94.0
720575940629207963,,23.0,12.0
720575940629239934,,12.666666666666666,4.666666666666667
720575940629421415,,3.6666666666666665,2.6666666666666665
720575940629508599,,3.3333333333333335,2.0
720575940629561347,,22.333333333333332,20.666666666666668
720575940629623351,,1.3333333333333333,
720575940629664768,,11.0,3.0
720575940629778554,,97.66666666666667,75.33333333333333
720575940629804158,,1.6666666666666667,1.0
720575940629810748,,57.0,45.666666666666664
720575940629812346,,9.666666666666666,2.6666666666666665
720575940629888530,,128.66666666666666,104.0
720575940630034231,,14.666666666666666,7.0
720575940630044278,,4.333333333333333,
720575940630094652,,10.333333333333334,6.333333333333333
720575940630233916,sugar_2,150.66666666666666,90.66666666666667
720575940630291767,,3.3333333333333335,5.666666666666667
720575940630488540,,14.0,6.0
720575940630579574,,58.0,40.333333333333336
720575940630664556,,26.0,17.333333333333332
720575940630667372,,38.666666666666664,26.333333333333332
720575940630674038,,21.0,11.333333333333334
720575940630683385,,49.666666666666664,37.333333333333336
720575940630695798,,,1.0
720575940630771449,,27.0,17.666666666666668
720575940630781433,,4.666666666666667,5.0
720575940630797113,sugar_6,144.0,95.33333333333333
720575940630806267,,27.333333333333332,18.666666666666668
720575940630820919,,41.333333333333336,33.0
720575940630839371,,0.3333333333333333,0.3333333333333333
720575940630865724,,61.333333333333336,50.0
720575940630868793,,109.0,86.33333333333333
720575940630931999,,9.666666666666666,6.666666666666667
720575940630980559,,11.0,9.0
720575940630996055,,57.333333333333336,43.0
720575940631108303,,3.6666666666666665,1.6666666666666667
720575940631168057,,13.666666666666666,7.333333333333333
720575940631283267,,20.0,20.333333333333332
720575940631340815,,15.0,8.333333333333334
720575940631349335,,64.33333333333333,44.333333333333336
720575940631406411,,36.333333333333336,29.0
720575940631629160,,1.0,
720575940631662648,,12.0,10.0
720575940631703608,,40.666666666666664,28.333333333333332
720575940631714119,,10.666666666666666,4.0
720575940631918649,,72.33333333333333,61.333333333333336
720575940631959097,,55.0,48.0
720575940631989352,,1.0,0.3333333333333333
720575940631994728,,9.666666666666666,4.666666666666667
720575940631997032,,46.666666666666664,38.0
720575940631999080,,34.666666666666664,21.666666666666668
720575940632047890,,78.0,64.66666666666667
720575940632118156,,73.0,54.333333333333336
720575940632134227,,10.333333333333334,5.333333333333333
720575940632159519,,14.333333333333334,12.333333333333334
720575940632252743,,59.333333333333336,46.333333333333336
720575940632304711,,24.333333333333332,15.666666666666666
720575940632307025,,0.3333333333333333,
720575940632365905,,35.666666666666664,23.333333333333332
720575940632425919,sugar_16,150.33333333333334,108.0
720575940632602532,,46.333333333333336,29.0
720575940632648612,,95.33333333333333,72.66666666666667
720575940632659404,,1.3333333333333333,0.6666666666666666
720575940632722515,,0.3333333333333333,
720575940632722771,,48.333333333333336,38.666666666666664
720575940632889389,sugar_7,144.33333333333334,92.0
720575940632962786,,3.0,4.333333333333333
720575940633116256,,5.666666666666667,5.0
720575940633143833,sugar_17,156.0,95.0
720575940633185567,,67.66666666666667,59.666666666666664
720575940633277209,,85.0,65.33333333333333
720575940633293025,,17.666666666666668,8.333333333333334
720575940633308371,,5.666666666666667,3.6666666666666665
720575940633316563,,15.333333333333334,5.0
720575940633373651,,9.666666666666666,5.333333333333333
720575940633612698,,39.666666666666664,24.666666666666668
720575940633674135,,47.666666666666664,35.666666666666664
720575940634210155,,3.3333333333333335,1.6666666666666667
720575940634301852,,24.666666666666668,17.0
720575940634428058,,4.666666666666667,5.0
720575940634645600,,65.66666666666667,47.333333333333336
720575940634756203,,2.0,3.0
720575940634825623,,7.666666666666667,4.333333333333333
720575940635055039,,40.0,29.333333333333332
720575940635166571,,1.0,
720575940635179871,,65.66666666666667,43.666666666666664
720575940635211115,,6.0,3.3333333333333335
720575940635239672,,30.333333333333332,15.333333333333334
720575940635451546,,11.666666666666666,4.333333333333333
720575940635578303,,39.333333333333336,31.0
720575940635611316,,2.3333333333333335,1.0
720575940635771316,,0.3333333333333333,
720575940635839077,,2.0,0.6666666666666666
720575940636053678,,65.0,52.333333333333336
720575940636165624,,25.666666666666668,17.333333333333332
720575940636346487,,2.6666666666666665,1.3333333333333333
720575940636654703,,0.3333333333333333,
720575940636809646,,22.333333333333332,15.666666666666666
720575940636828334,,1.3333333333333333,1.6666666666666667
720575940636895406,,22.333333333333332,11.333333333333334
720575940637144944,,8.666666666666666,7.666666666666667
720575940637360730,,4.333333333333333,2.6666666666666665
720575940637568838,sugar_3,157.66666666666666,104.33333333333333
720575940637656286,,6.666666666666667,4.333333333333333
720575940637790527,,1.0,
720575940638088262,,5.666666666666667,5.0
720575940638103349,,99.66666666666667,75.66666666666667
720575940638181092,,62.333333333333336,47.666666666666664
720575940638202345,sugar_4,149.33333333333334,94.33333333333333
720575940639170723,,1.0,1.3333333333333333
720575940639198397,,19.666666666666668,14.333333333333334
720575940639198653,sugar_13,152.66666666666666,99.66666666666667
720575940639285949,,75.66666666666667,59.333333333333336
720575940639332736,sugar_11,149.0,104.66666666666667
720575940639425112,,32.333333333333336,27.333333333333332
720575940639785379,,0.3333333333333333,
720575940639786915,,31.0,15.666666666666666
720575940639972816,,16.0,9.333333333333334
720575940640649691,sugar_10,155.33333333333334,97.0
720575940640839120,,14.666666666666666,4.333333333333333
720575940641366517,,62.666666666666664,41.666666666666664
720575940641480949,,14.0,20.333333333333332
720575940641585627,,1.3333333333333333,2.6666666666666665
720575940642335373,,8.333333333333334,0.3333333333333333
720575940642428045,,62.333333333333336,45.333333333333336
720575940643543496,,,0.3333333333333333
720575940643867296,,55.666666666666664,45.666666666666664
720575940644653348,,41.0,33.333333333333336
720575940644758308,,4.666666666666667,8.333333333333334
720575940644968215,,3.0,6.666666666666667
720575940645045527,,8.333333333333334,2.3333333333333335
720575940645047831,,12.0,18.333333333333332
720575940645352814,,3.0,4.666666666666667
720575940645521262,,57.666666666666664,53.333333333333336
720575940647029044,,18.333333333333332,15.0
720575940647030324,,16.0,12.666666666666666
720575940647033396,,35.0,17.333333333333332
720575940647081860,,0.3333333333333333,
720575940647518340,,39.666666666666664,28.666666666666668
720575940648864633,,5.0,1.6666666666666667
720575940649829241,,48.333333333333336,34.666666666666664
720575940652580086,,99.33333333333333,78.66666666666667
720575940655011489,,7.666666666666667,3.0
720575940655013025,,51.0,35.0
720575940655014049,,81.66666666666667,57.0
720575940660219265,,82.33333333333333,74.66666666666667
720575940660220289,,2.0,1.6666666666666667
720575940660223873,,53.333333333333336,39.0
720575940660224641,,1.6666666666666667,
720575940660229505,,40.666666666666664,30.333333333333332
