condition,n_active,n_spikes,BRK__active,BRK__spikes,BRK__rate_hz,TM_OFF__active,TM_OFF__spikes,TM_OFF__rate_hz,KC__active,KC__spikes,KC__rate_hz,DNp01_GF__active,DNp01_GF__spikes,DNp01_GF__rate_hz,RRN__active,RRN__spikes,RRN__rate_hz,PPL1__active,PPL1__spikes,PPL1__rate_hz,BPN__active,BPN__spikes,BPN__rate_hz,LC4__active,LC4__spikes,LC4__rate_hz,MBON__active,MBON__spikes,MBON__rate_hz,LPLC2__active,LPLC2__spikes,LPLC2__rate_hz,FG_CB0890__active,FG_CB0890__spikes,FG_CB0890__rate_hz,DN_LEG_CLUSTER__active,DN_LEG_CLUSTER__spikes,DN_LEG_CLUSTER__rate_hz,T5__active,T5__spikes,T5__rate_hz,BB_DNg60__active,BB_DNg60__spikes,BB_DNg60__rate_hz,PAM__active,PAM__spikes,PAM__rate_hz,MOTOR_BRAIN__active,MOTOR_BRAIN__spikes,MOTOR_BRAIN__rate_hz,DN_ALL__active,DN_ALL__spikes,DN_ALL__rate_hz,DNp09_P9__active,DNp09_P9__spikes,DNp09_P9__rate_hz,MDN__active,MDN__spikes,MDN__rate_hz,LMC_L2__active,LMC_L2__spikes,LMC_L2__rate_hz,T4__active,T4__spikes,T4__rate_hz
baseline,0,0,0,0,0.0,0,0,0.0,0,0,0.0,0,0,0.0,0,0,0.0,0,0,0.0,0,0,0.0,0,0,0.0,0,0,0.0,0,0,0.0,0,0,0.0,0,0,0.0,0,0,0.0,0,0,0.0,0,0,0.0,0,0,0.0,0,0,0.0,0,0,0.0,0,0,0.0,0,0,0.0,0,0,0.0
vis_L2_L,295,12452,0,0,0.0,101,3419,0.434,0,0,0.0,0,0,0.0,0,0,0.0,0,0,0.0,0,0,0.0,0,0,0.0,0,0,0.0,0,0,0.0,0,0,0.0,0,0,0.0,0,0,0.0,0,0,0.0,0,0,0.0,0,0,0.0,0,0,0.0,0,0,0.0,0,0,0.0,40,5793,3.352,0,0,0.0
vis_L2_L,295,12452,0,0,0.0,101,3419,0.434,0,0,0.0,0,0,0.0,0,0,0.0,0,0,0.0,0,0,0.0,0,0,0.0,0,0,0.0,0,0,0.0,0,0,0.0,0,0,0.0,0,0,0.0,0,0,0.0,0,0,0.0,0,0,0.0,0,0,0.0,0,0,0.0,0,0,0.0,40,5793,3.352,0,0,0.0
vis_L2_R,376,14828,0,0,0.0,131,4377,0.556,0,0,0.0,0,0,0.0,0,0,0.0,0,0,0.0,0,0,0.0,0,0,0.0,0,0,0.0,0,0,0.0,0,0,0.0,0,0,0.0,0,0,0.0,0,0,0.0,0,0,0.0,0,0,0.0,0,0,0.0,0,0,0.0,0,0,0.0,40,5793,3.352,0,0,0.0
loom_LPLC2_LC4,466,23524,0,0,0.0,0,0,0.0,0,0,0.0,2,220,110.0,0,0,0.0,0,0,0.0,0,0,0.0,20,2857,27.471,0,0,0.0,60,8976,42.743,0,0,0.0,2,5,0.208,0,0,0.0,0,0,0.0,0,0,0.0,0,0,0.0,63,2087,1.599,0,0,0.0,0,0,0.0,0,0,0.0,0,0,0.0
loom_LPLC2_LC4,466,23524,0,0,0.0,0,0,0.0,0,0,0.0,2,220,110.0,0,0,0.0,0,0,0.0,0,0,0.0,20,2857,27.471,0,0,0.0,60,8976,42.743,0,0,0.0,2,5,0.208,0,0,0.0,0,0,0.0,0,0,0.0,0,0,0.0,63,2087,1.599,0,0,0.0,0,0,0.0,0,0,0.0,0,0,0.0
motion_T4T5,51,6079,0,0,0.0,0,0,0.0,0,0,0.0,0,0,0.0,0,0,0.0,0,0,0.0,0,0,0.0,0,0,0.0,0,0,0.0,0,0,0.0,0,0,0.0,0,0,0.0,20,2924,0.487,0,0,0.0,0,0,0.0,0,0,0.0,0,0,0.0,0,0,0.0,0,0,0.0,0,0,0.0,20,2869,0.46
target_LC9,580,18121,0,0,0.0,0,0,0.0,0,0,0.0,2,2,1.0,0,0,0.0,0,0,0.0,0,0,0.0,2,7,0.067,0,0,0.0,0,0,0.0,0,0,0.0,1,1,0.042,0,0,0.0,0,0,0.0,0,0,0.0,2,12,0.113,92,1381,1.058,0,0,0.0,3,6,1.5,0,0,0.0,0,0,0.0
target_LC9,580,18121,0,0,0.0,0,0,0.0,0,0,0.0,2,2,1.0,0,0,0.0,0,0,0.0,0,0,0.0,2,7,0.067,0,0,0.0,0,0,0.0,0,0,0.0,1,1,0.042,0,0,0.0,0,0,0.0,0,0,0.0,2,12,0.113,92,1381,1.058,0,0,0.0,3,6,1.5,0,0,0.0,0,0,0.0
relay_silence_note,293,12435,0,0,0.0,100,3414,0.434,0,0,0.0,0,0,0.0,0,0,0.0,0,0,0.0,0,0,0.0,0,0,0.0,0,0,0.0,0,0,0.0,0,0,0.0,0,0,0.0,0,0,0.0,0,0,0.0,0,0,0.0,0,0,0.0,0,0,0.0,0,0,0.0,0,0,0.0,40,5793,3.352,0,0,0.0
entry_off_ctrl,40,5793,0,0,0.0,0,0,0.0,0,0,0.0,0,0,0.0,0,0,0.0,0,0,0.0,0,0,0.0,0,0,0.0,0,0,0.0,0,0,0.0,0,0,0.0,0,0,0.0,0,0,0.0,0,0,0.0,0,0,0.0,0,0,0.0,0,0,0.0,0,0,0.0,0,0,0.0,40,5793,3.352,0,0,0.0
vis_L2_L_s12,293,12737,0,0,0.0,105,3469,0.441,0,0,0.0,0,0,0.0,0,0,0.0,0,0,0.0,0,0,0.0,0,0,0.0,0,0,0.0,0,0,0.0,0,0,0.0,0,0,0.0,0,0,0.0,0,0,0.0,0,0,0.0,0,0,0.0,0,0,0.0,0,0,0.0,0,0,0.0,40,5929,3.431,0,0,0.0
