brian_index,rate_hz
1811,4.0
2007,23.0
2058,15.0
2439,1.0
3498,19.0
3938,1.0
3959,70.0
4353,39.0
4477,57.0
4622,22.0
4690,34.0
4963,5.0
6070,26.0
6365,21.0
6931,19.0
7413,25.0
7420,40.0
8252,32.0
8297,16.0
8391,24.0
8401,19.0
8403,4.0
8482,69.0
8797,2.0
8798,10.0
8840,33.0
9257,40.0
9507,11.0
9522,5.0
9645,44.0
9913,31.0
10133,31.0
10355,21.0
10654,7.0
10680,31.0
10689,9.0
11131,4.0
11303,23.0
11600,43.0
11604,20.0
12494,140.0
12790,2.0
12910,35.0
13391,9.0
13607,12.0
13840,9.0
14047,63.0
14227,7.0
14415,4.0
14485,32.0
14630,1.0
14770,12.0
14842,144.0
14917,56.0
15166,6.0
15574,30.0
15635,73.0
15828,15.0
16042,21.0
17064,29.0
18141,22.0
18204,35.0
18357,1.0
18857,27.0
18900,18.0
19388,26.0
20215,2.0
21091,16.0
21384,15.0
21518,81.0
21989,1.0
22351,7.0
22452,13.0
22854,6.0
23353,6.0
23354,25.0
24296,3.0
24441,7.0
24594,78.0
24757,6.0
25084,5.0
25808,74.0
26115,75.0
27383,50.0
28756,32.0
28757,41.0
28825,144.0
29281,142.0
30625,1.0
31058,10.0
31094,10.0
31315,39.0
31475,58.0
31627,47.0
32863,176.0
33909,110.0
34268,61.0
35268,54.0
35701,36.0
36190,24.0
36318,6.0
36839,6.0
37888,26.0
38145,17.0
39185,31.0
39548,23.0
39904,17.0
40815,76.0
40895,1.0
41254,108.0
41514,28.0
41549,47.0
42220,29.0
42717,80.0
42781,2.0
42985,59.0
43049,5.0
43180,18.0
43642,17.0
43649,6.0
43697,45.0
44807,45.0
45081,8.0
45484,29.0
45602,7.0
45970,6.0
45977,90.0
47052,7.0
47604,6.0
48187,32.0
48680,2.0
49025,47.0
49147,15.0
49406,6.0
49584,154.0
49678,1.0
49771,32.0
49984,20.0
50072,66.0
50597,20.0
51107,143.0
51221,8.0
51263,18.0
51977,1.0
52605,8.0
53184,61.0
53905,56.0
54568,24.0
56016,4.0
56459,133.0
57121,39.0
58597,6.0
58997,2.0
59358,25.0
59441,30.0
59450,64.0
59455,62.0
60250,77.0
60858,26.0
61000,10.0
62876,1.0
63947,25.0
64769,2.0
65664,6.0
66614,48.0
67186,10.0
67293,31.0
68709,32.0
68763,28.0
69093,168.0
69113,29.0
69593,81.0
69608,47.0
69920,52.0
70232,1.0
70286,63.0
70308,26.0
72154,36.0
72288,1.0
72418,4.0
72790,55.0
72940,32.0
73599,42.0
73625,57.0
73665,60.0
73668,55.0
74842,6.0
75279,99.0
75686,7.0
75691,35.0
75726,7.0
75822,24.0
76757,34.0
77410,25.0
78573,5.0
78626,71.0
78866,4.0
79471,24.0
79616,18.0
79646,10.0
80186,9.0
80204,22.0
80293,35.0
80349,14.0
81725,4.0
82138,120.0
82300,30.0
83905,1.0
84372,21.0
84569,10.0
84582,2.0
84662,9.0
84763,39.0
86065,3.0
86342,64.0
88331,22.0
89150,75.0
89422,47.0
89577,21.0
89930,65.0
89992,53.0
90296,5.0
90385,11.0
90454,36.0
90589,144.0
91221,42.0
91339,3.0
91350,16.0
91358,14.0
91364,18.0
92298,149.0
92443,24.0
92585,6.0
93460,2.0
93650,6.0
94214,25.0
95222,102.0
95360,2.0
95389,55.0
95396,3.0
95621,7.0
95808,122.0
96614,16.0
97602,137.0
97917,4.0
98888,15.0
99361,55.0
99817,27.0
99821,22.0
99836,37.0
99878,18.0
99945,52.0
100016,1.0
100460,26.0
100605,147.0
100662,26.0
100750,37.0
100960,56.0
100978,110.0
101321,9.0
101593,11.0
102292,5.0
102610,12.0
102663,9.0
103226,23.0
103521,14.0
103568,60.0
103820,37.0
105062,6.0
105237,43.0
105286,14.0
106088,67.0
106277,53.0
106445,1.0
106477,6.0
106485,48.0
106500,30.0
106730,76.0
107061,71.0
107125,7.0
107201,13.0
107572,56.0
107801,25.0
108071,30.0
108426,134.0
109178,49.0
109395,92.0
109436,1.0
109721,45.0
110469,150.0
110668,35.0
110751,2.0
111258,6.0
111357,133.0
111524,65.0
111577,3.0
111697,41.0
111912,79.0
111968,19.0
112031,4.0
112057,8.0
112271,8.0
113018,34.0
114650,4.0
114893,24.0
115193,5.0
115694,65.0
115981,6.0
116149,10.0
116741,38.0
117103,1.0
117156,63.0
117255,6.0
117349,30.0
117657,63.0
118220,40.0
118578,10.0
118933,5.0
118938,1.0
119469,62.0
119737,23.0
120111,2.0
121117,18.0
121152,2.0
121314,23.0
121841,12.0
122330,4.0
122795,156.0
122819,30.0
123034,5.0
123363,1.0
123999,6.0
124039,93.0
124291,135.0
126527,1.0
126599,17.0
126600,171.0
126804,76.0
126873,146.0
127069,30.0
127887,30.0
128299,15.0
129625,111.0
129730,137.0
130674,56.0
130780,18.0
130887,2.0
131471,7.0
131580,61.0
131603,37.0
132100,6.0
132645,56.0
133247,53.0
133372,36.0
133525,6.0
133765,4.0
133843,2.0
133845,14.0
134185,4.0
135576,18.0
135578,16.0
135583,35.0
135908,37.0
136476,6.0
136637,47.0
137208,96.0
137750,10.0
137751,46.0
137753,69.0
138332,80.0
138334,4.0
138335,53.0
138339,39.0
